,Product,Price,Description,Review
0,"Apple iPhone 16 (Black, 128 GB)","₹69,999","128 GB ROM15.49 cm (6.1 inch) Super Retina XDR Display48MP + 12MP | 12MP Front CameraA18 Chip, 6 Core Processor Processor1 year warranty for phone and 1 year warranty for in Box Accessories.",4.6
1,"Apple iPhone 16 (Teal, 128 GB)","₹69,999","128 GB ROM15.49 cm (6.1 inch) Super Retina XDR Display48MP + 12MP | 12MP Front CameraA18 Chip, 6 Core Processor Processor1 year warranty for phone and 1 year warranty for in Box Accessories.",4.6
2,"SAMSUNG Galaxy S24 Ultra 5G (Titanium Violet, 256 GB)","₹87,985",12 GB RAM | 256 GB ROM17.27 cm (6.8 inch) Quad HD+ Display200MP + 50MP + 12MP + 10MP | 12MP Front Camera5000 mAh BatterySnapdragon 8 Gen 3 Processor1 Year Manufacturer Warranty for Device and 6 Months for In-Box Accessories,4.6
3,"Apple iPhone 16 (Ultramarine, 128 GB)","₹69,999","128 GB ROM15.49 cm (6.1 inch) Super Retina XDR Display48MP + 12MP | 12MP Front CameraA18 Chip, 6 Core Processor Processor1 year warranty for phone and 1 year warranty for in Box Accessories.",4.6
4,"Apple iPhone 16 Plus (Black, 256 GB)","₹89,999","256 GB ROM17.02 cm (6.7 inch) Super Retina XDR Display48MP + 12MP | 12MP Front CameraA18 Chip, 6 Core Processor Processor1 year warranty for phone and 1 year warranty for in Box Accessories.",4.6
5,"Apple iPhone 16 (White, 128 GB)","₹69,999","128 GB ROM15.49 cm (6.1 inch) Super Retina XDR Display48MP + 12MP | 12MP Front CameraA18 Chip, 6 Core Processor Processor1 year warranty for phone and 1 year warranty for in Box Accessories.",4.6
6,"Apple iPhone 16 (Black, 256 GB)","₹79,999","256 GB ROM15.49 cm (6.1 inch) Super Retina XDR Display48MP + 12MP | 12MP Front CameraA18 Chip, 6 Core Processor Processor1 year warranty for phone and 1 year warranty for in Box Accessories.",4.6
7,"SAMSUNG Galaxy S24 Ultra 5G (Titanium Black, 256 GB)","₹87,980",12 GB RAM | 256 GB ROM17.27 cm (6.8 inch) Quad HD+ Display200MP + 50MP + 12MP + 10MP | 12MP Front Camera5000 mAh BatterySnapdragon 8 Gen 3 Processor1 Year Manufacturer Warranty for Device and 6 Months for In-Box Accessories,4.6
8,"Apple iPhone 15 (Pink, 128 GB)","₹63,999","128 GB ROM15.49 cm (6.1 inch) Super Retina XDR Display48MP + 12MP | 12MP Front CameraA16 Bionic Chip, 6 Core Processor Processor1 year warranty for phone and 1 year warranty for in Box Accessories.",4.6
9,"Apple iPhone 16 (Pink, 128 GB)","₹69,999","128 GB ROM15.49 cm (6.1 inch) Super Retina XDR Display48MP + 12MP | 12MP Front CameraA18 Chip, 6 Core Processor Processor1 year warranty for phone and 1 year warranty for in Box Accessories.",4.6
10,"Apple iPhone 15 (Blue, 128 GB)","₹63,999","128 GB ROM15.49 cm (6.1 inch) Super Retina XDR Display48MP + 12MP | 12MP Front CameraA16 Bionic Chip, 6 Core Processor Processor1 year warranty for phone and 1 year warranty for in Box Accessories.",4.6
11,"SAMSUNG Galaxy Z Fold4 5G (Graygreen, 512 GB)","₹94,999",12 GB RAM | 512 GB ROM19.3 cm (7.6 inch) Full HD+ Display50MP + 12MP + 10MP | 10MP Front Camera4400 mAh Lithium Ion BatteryQualcomm Snapdragon 8+ Gen 1 Processor1 Year Manufacturer Warranty for Device and 6 Months Manufacturer Warranty for In-Box Accessories,3.2
12,"Apple iPhone 15 (Green, 128 GB)","₹63,999","128 GB ROM15.49 cm (6.1 inch) Super Retina XDR Display48MP + 12MP | 12MP Front CameraA16 Bionic Chip, 6 Core Processor Processor1 year warranty for phone and 1 year warranty for in Box Accessories.",4.6
13,"SAMSUNG Galaxy S25 5G (Navy, 512 GB)","₹92,999",12 GB RAM | 512 GB ROM15.75 cm (6.2 inch) Full HD+ Display50MP + 10MP + 12MP | 12MP Front Camera4000 mAh Battery8 Elite for Galaxy Processor1 Year Manufacturer Warranty for Device and 6 Months for In-Box Accessories,4.6
14,"Apple iPhone 14 Plus (Yellow, 512 GB)","₹99,900","512 GB ROM17.02 cm (6.7 inch) Super Retina XDR Display12MP + 12MP | 12MP Front CameraA15 Bionic Chip, 6 Core Processor Processor1 year warranty for phone and 1 year warranty for in Box Accessories.",4.6
15,"SAMSUNG Galaxy Z Flip6 5G (Blue, 256 GB)","₹81,780",12 GB RAM | 256 GB ROM17.02 cm (6.7 inch) Full HD+ Display50MP + 12MP | 10MP Front Camera4000 mAh Lithium ion BatterySnapdragon 8 Gen 3 Processor1 Year Manufacturer Warranty for Device and 6 Months for In-Box Accessories,4.5
16,"Apple iPhone 16 Plus (Teal, 256 GB)","₹89,999","256 GB ROM17.02 cm (6.7 inch) Super Retina XDR Display48MP + 12MP | 12MP Front CameraA18 Chip, 6 Core Processor Processor1 year warranty for phone and 1 year warranty for in Box Accessories.",4.6
17,"Apple iPhone 14 (Midnight, 256 GB)","₹62,499","256 GB ROM15.49 cm (6.1 inch) Super Retina XDR Display12MP + 12MP | 12MP Front CameraA15 Bionic Chip, 6 Core Processor Processor1 year warranty for phone and 1 year warranty for in Box Accessories.",4.6
18,"SAMSUNG Galaxy S25 5G (Icyblue, 512 GB)","₹92,999",12 GB RAM | 512 GB ROM15.75 cm (6.2 inch) Full HD+ Display50MP + 10MP + 12MP | 12MP Front Camera4000 mAh Battery8 Elite for Galaxy Processor1 Year Manufacturer Warranty for Device and 6 Months for In-Box Accessories,4.6
19,"Apple iPhone 14 (Starlight, 256 GB)","₹62,499","256 GB ROM15.49 cm (6.1 inch) Super Retina XDR Display12MP + 12MP | 12MP Front CameraA15 Bionic Chip, 6 Core Processor Processor1 year warranty for phone and 1 year warranty for in Box Accessories.",4.6
20,"Apple iPhone 15 (Black, 128 GB)","₹63,999","128 GB ROM15.49 cm (6.1 inch) Super Retina XDR Display48MP + 12MP | 12MP Front CameraA16 Bionic Chip, 6 Core Processor Processor1 year warranty for phone and 1 year warranty for in Box Accessories.",4.6
21,"Apple iPhone 16 Pro (White Titanium, 128 GB)","₹1,12,900","128 GB ROM16.0 cm (6.3 inch) Super Retina XDR Display48MP + 48MP + 12MP | 12MP Front CameraA18 Pro Chip, 6 Core Processor Processor1 year warranty for phone and 1 year warranty for in Box Accessories.",4.7
22,"Apple iPhone 16 (Pink, 256 GB)","₹79,999","256 GB ROM15.49 cm (6.1 inch) Super Retina XDR Display48MP + 12MP | 12MP Front CameraA18 Chip, 6 Core Processor Processor1 year warranty for phone and 1 year warranty for in Box Accessories.",4.6
23,"SAMSUNG Galaxy Z Flip6 5G (Silver Shadow, 256 GB)","₹98,150",12 GB RAM | 256 GB ROM17.02 cm (6.7 inch) Full HD+ Display50MP + 12MP | 10MP Front Camera4000 mAh Lithium ion BatterySnapdragon 8 Gen 3 Processor1 Year Manufacturer Warranty for Device and 6 Months for In-Box Accessories,4.5
24,"Apple iPhone 16 (Black, 128 GB)","₹69,999","128 GB ROM15.49 cm (6.1 inch) Super Retina XDR Display48MP + 12MP | 12MP Front CameraA18 Chip, 6 Core Processor Processor1 year warranty for phone and 1 year warranty for in Box Accessories.",4.6
25,"Apple iPhone 16 (Teal, 128 GB)","₹69,999","128 GB ROM15.49 cm (6.1 inch) Super Retina XDR Display48MP + 12MP | 12MP Front CameraA18 Chip, 6 Core Processor Processor1 year warranty for phone and 1 year warranty for in Box Accessories.",4.6
26,"SAMSUNG Galaxy S24 Ultra 5G (Titanium Violet, 256 GB)","₹87,985",12 GB RAM | 256 GB ROM17.27 cm (6.8 inch) Quad HD+ Display200MP + 50MP + 12MP + 10MP | 12MP Front Camera5000 mAh BatterySnapdragon 8 Gen 3 Processor1 Year Manufacturer Warranty for Device and 6 Months for In-Box Accessories,4.6
27,"Apple iPhone 16 (Ultramarine, 128 GB)","₹69,999","128 GB ROM15.49 cm (6.1 inch) Super Retina XDR Display48MP + 12MP | 12MP Front CameraA18 Chip, 6 Core Processor Processor1 year warranty for phone and 1 year warranty for in Box Accessories.",4.6
28,"Apple iPhone 16 Plus (Black, 256 GB)","₹89,999","256 GB ROM17.02 cm (6.7 inch) Super Retina XDR Display48MP + 12MP | 12MP Front CameraA18 Chip, 6 Core Processor Processor1 year warranty for phone and 1 year warranty for in Box Accessories.",4.6
29,"Apple iPhone 16 (White, 128 GB)","₹69,999","128 GB ROM15.49 cm (6.1 inch) Super Retina XDR Display48MP + 12MP | 12MP Front CameraA18 Chip, 6 Core Processor Processor1 year warranty for phone and 1 year warranty for in Box Accessories.",4.6
30,"Apple iPhone 16 (Black, 256 GB)","₹79,999","256 GB ROM15.49 cm (6.1 inch) Super Retina XDR Display48MP + 12MP | 12MP Front CameraA18 Chip, 6 Core Processor Processor1 year warranty for phone and 1 year warranty for in Box Accessories.",4.6
31,"SAMSUNG Galaxy S24 Ultra 5G (Titanium Black, 256 GB)","₹87,980",12 GB RAM | 256 GB ROM17.27 cm (6.8 inch) Quad HD+ Display200MP + 50MP + 12MP + 10MP | 12MP Front Camera5000 mAh BatterySnapdragon 8 Gen 3 Processor1 Year Manufacturer Warranty for Device and 6 Months for In-Box Accessories,4.6
32,"Apple iPhone 15 (Pink, 128 GB)","₹63,999","128 GB ROM15.49 cm (6.1 inch) Super Retina XDR Display48MP + 12MP | 12MP Front CameraA16 Bionic Chip, 6 Core Processor Processor1 year warranty for phone and 1 year warranty for in Box Accessories.",4.6
33,"Apple iPhone 16 (Pink, 128 GB)","₹69,999","128 GB ROM15.49 cm (6.1 inch) Super Retina XDR Display48MP + 12MP | 12MP Front CameraA18 Chip, 6 Core Processor Processor1 year warranty for phone and 1 year warranty for in Box Accessories.",4.6
34,"Apple iPhone 15 (Blue, 128 GB)","₹63,999","128 GB ROM15.49 cm (6.1 inch) Super Retina XDR Display48MP + 12MP | 12MP Front CameraA16 Bionic Chip, 6 Core Processor Processor1 year warranty for phone and 1 year warranty for in Box Accessories.",4.6
35,"SAMSUNG Galaxy Z Fold4 5G (Graygreen, 512 GB)","₹94,999",12 GB RAM | 512 GB ROM19.3 cm (7.6 inch) Full HD+ Display50MP + 12MP + 10MP | 10MP Front Camera4400 mAh Lithium Ion BatteryQualcomm Snapdragon 8+ Gen 1 Processor1 Year Manufacturer Warranty for Device and 6 Months Manufacturer Warranty for In-Box Accessories,3.2
36,"Apple iPhone 15 (Green, 128 GB)","₹63,999","128 GB ROM15.49 cm (6.1 inch) Super Retina XDR Display48MP + 12MP | 12MP Front CameraA16 Bionic Chip, 6 Core Processor Processor1 year warranty for phone and 1 year warranty for in Box Accessories.",4.6
37,"SAMSUNG Galaxy S25 5G (Navy, 512 GB)","₹92,999",12 GB RAM | 512 GB ROM15.75 cm (6.2 inch) Full HD+ Display50MP + 10MP + 12MP | 12MP Front Camera4000 mAh Battery8 Elite for Galaxy Processor1 Year Manufacturer Warranty for Device and 6 Months for In-Box Accessories,4.6
38,"Apple iPhone 14 Plus (Yellow, 512 GB)","₹99,900","512 GB ROM17.02 cm (6.7 inch) Super Retina XDR Display12MP + 12MP | 12MP Front CameraA15 Bionic Chip, 6 Core Processor Processor1 year warranty for phone and 1 year warranty for in Box Accessories.",4.6
39,"SAMSUNG Galaxy Z Flip6 5G (Blue, 256 GB)","₹81,780",12 GB RAM | 256 GB ROM17.02 cm (6.7 inch) Full HD+ Display50MP + 12MP | 10MP Front Camera4000 mAh Lithium ion BatterySnapdragon 8 Gen 3 Processor1 Year Manufacturer Warranty for Device and 6 Months for In-Box Accessories,4.5
40,"Apple iPhone 16 Plus (Teal, 256 GB)","₹89,999","256 GB ROM17.02 cm (6.7 inch) Super Retina XDR Display48MP + 12MP | 12MP Front CameraA18 Chip, 6 Core Processor Processor1 year warranty for phone and 1 year warranty for in Box Accessories.",4.6
41,"Apple iPhone 14 (Midnight, 256 GB)","₹62,499","256 GB ROM15.49 cm (6.1 inch) Super Retina XDR Display12MP + 12MP | 12MP Front CameraA15 Bionic Chip, 6 Core Processor Processor1 year warranty for phone and 1 year warranty for in Box Accessories.",4.6
42,"SAMSUNG Galaxy S25 5G (Icyblue, 512 GB)","₹92,999",12 GB RAM | 512 GB ROM15.75 cm (6.2 inch) Full HD+ Display50MP + 10MP + 12MP | 12MP Front Camera4000 mAh Battery8 Elite for Galaxy Processor1 Year Manufacturer Warranty for Device and 6 Months for In-Box Accessories,4.6
43,"Apple iPhone 14 (Starlight, 256 GB)","₹62,499","256 GB ROM15.49 cm (6.1 inch) Super Retina XDR Display12MP + 12MP | 12MP Front CameraA15 Bionic Chip, 6 Core Processor Processor1 year warranty for phone and 1 year warranty for in Box Accessories.",4.6
44,"Apple iPhone 15 (Black, 128 GB)","₹63,999","128 GB ROM15.49 cm (6.1 inch) Super Retina XDR Display48MP + 12MP | 12MP Front CameraA16 Bionic Chip, 6 Core Processor Processor1 year warranty for phone and 1 year warranty for in Box Accessories.",4.6
45,"Apple iPhone 16 Pro (White Titanium, 128 GB)","₹1,12,900","128 GB ROM16.0 cm (6.3 inch) Super Retina XDR Display48MP + 48MP + 12MP | 12MP Front CameraA18 Pro Chip, 6 Core Processor Processor1 year warranty for phone and 1 year warranty for in Box Accessories.",4.7
46,"Apple iPhone 16 (Pink, 256 GB)","₹79,999","256 GB ROM15.49 cm (6.1 inch) Super Retina XDR Display48MP + 12MP | 12MP Front CameraA18 Chip, 6 Core Processor Processor1 year warranty for phone and 1 year warranty for in Box Accessories.",4.6
47,"SAMSUNG Galaxy Z Flip6 5G (Silver Shadow, 256 GB)","₹98,150",12 GB RAM | 256 GB ROM17.02 cm (6.7 inch) Full HD+ Display50MP + 12MP | 10MP Front Camera4000 mAh Lithium ion BatterySnapdragon 8 Gen 3 Processor1 Year Manufacturer Warranty for Device and 6 Months for In-Box Accessories,4.5
48,"Apple iPhone 16 (Black, 128 GB)","₹69,999","128 GB ROM15.49 cm (6.1 inch) Super Retina XDR Display48MP + 12MP | 12MP Front CameraA18 Chip, 6 Core Processor Processor1 year warranty for phone and 1 year warranty for in Box Accessories.",4.6
49,"Apple iPhone 16 (Teal, 128 GB)","₹69,999","128 GB ROM15.49 cm (6.1 inch) Super Retina XDR Display48MP + 12MP | 12MP Front CameraA18 Chip, 6 Core Processor Processor1 year warranty for phone and 1 year warranty for in Box Accessories.",4.6
50,"SAMSUNG Galaxy S24 Ultra 5G (Titanium Violet, 256 GB)","₹87,985",12 GB RAM | 256 GB ROM17.27 cm (6.8 inch) Quad HD+ Display200MP + 50MP + 12MP + 10MP | 12MP Front Camera5000 mAh BatterySnapdragon 8 Gen 3 Processor1 Year Manufacturer Warranty for Device and 6 Months for In-Box Accessories,4.6
51,"Apple iPhone 16 (Ultramarine, 128 GB)","₹69,999","128 GB ROM15.49 cm (6.1 inch) Super Retina XDR Display48MP + 12MP | 12MP Front CameraA18 Chip, 6 Core Processor Processor1 year warranty for phone and 1 year warranty for in Box Accessories.",4.6
52,"Apple iPhone 16 Plus (Black, 256 GB)","₹89,999","256 GB ROM17.02 cm (6.7 inch) Super Retina XDR Display48MP + 12MP | 12MP Front CameraA18 Chip, 6 Core Processor Processor1 year warranty for phone and 1 year warranty for in Box Accessories.",4.6
53,"Apple iPhone 16 (White, 128 GB)","₹69,999","128 GB ROM15.49 cm (6.1 inch) Super Retina XDR Display48MP + 12MP | 12MP Front CameraA18 Chip, 6 Core Processor Processor1 year warranty for phone and 1 year warranty for in Box Accessories.",4.6
54,"Apple iPhone 16 (Black, 256 GB)","₹79,999","256 GB ROM15.49 cm (6.1 inch) Super Retina XDR Display48MP + 12MP | 12MP Front CameraA18 Chip, 6 Core Processor Processor1 year warranty for phone and 1 year warranty for in Box Accessories.",4.6
55,"SAMSUNG Galaxy S24 Ultra 5G (Titanium Black, 256 GB)","₹87,980",12 GB RAM | 256 GB ROM17.27 cm (6.8 inch) Quad HD+ Display200MP + 50MP + 12MP + 10MP | 12MP Front Camera5000 mAh BatterySnapdragon 8 Gen 3 Processor1 Year Manufacturer Warranty for Device and 6 Months for In-Box Accessories,4.6
56,"Apple iPhone 15 (Pink, 128 GB)","₹63,999","128 GB ROM15.49 cm (6.1 inch) Super Retina XDR Display48MP + 12MP | 12MP Front CameraA16 Bionic Chip, 6 Core Processor Processor1 year warranty for phone and 1 year warranty for in Box Accessories.",4.6
57,"Apple iPhone 16 (Pink, 128 GB)","₹69,999","128 GB ROM15.49 cm (6.1 inch) Super Retina XDR Display48MP + 12MP | 12MP Front CameraA18 Chip, 6 Core Processor Processor1 year warranty for phone and 1 year warranty for in Box Accessories.",4.6
58,"Apple iPhone 15 (Blue, 128 GB)","₹63,999","128 GB ROM15.49 cm (6.1 inch) Super Retina XDR Display48MP + 12MP | 12MP Front CameraA16 Bionic Chip, 6 Core Processor Processor1 year warranty for phone and 1 year warranty for in Box Accessories.",4.6
59,"SAMSUNG Galaxy Z Fold4 5G (Graygreen, 512 GB)","₹94,999",12 GB RAM | 512 GB ROM19.3 cm (7.6 inch) Full HD+ Display50MP + 12MP + 10MP | 10MP Front Camera4400 mAh Lithium Ion BatteryQualcomm Snapdragon 8+ Gen 1 Processor1 Year Manufacturer Warranty for Device and 6 Months Manufacturer Warranty for In-Box Accessories,3.2
60,"Apple iPhone 15 (Green, 128 GB)","₹63,999","128 GB ROM15.49 cm (6.1 inch) Super Retina XDR Display48MP + 12MP | 12MP Front CameraA16 Bionic Chip, 6 Core Processor Processor1 year warranty for phone and 1 year warranty for in Box Accessories.",4.6
61,"SAMSUNG Galaxy S25 5G (Navy, 512 GB)","₹92,999",12 GB RAM | 512 GB ROM15.75 cm (6.2 inch) Full HD+ Display50MP + 10MP + 12MP | 12MP Front Camera4000 mAh Battery8 Elite for Galaxy Processor1 Year Manufacturer Warranty for Device and 6 Months for In-Box Accessories,4.6
62,"Apple iPhone 14 Plus (Yellow, 512 GB)","₹99,900","512 GB ROM17.02 cm (6.7 inch) Super Retina XDR Display12MP + 12MP | 12MP Front CameraA15 Bionic Chip, 6 Core Processor Processor1 year warranty for phone and 1 year warranty for in Box Accessories.",4.6
63,"SAMSUNG Galaxy Z Flip6 5G (Blue, 256 GB)","₹81,780",12 GB RAM | 256 GB ROM17.02 cm (6.7 inch) Full HD+ Display50MP + 12MP | 10MP Front Camera4000 mAh Lithium ion BatterySnapdragon 8 Gen 3 Processor1 Year Manufacturer Warranty for Device and 6 Months for In-Box Accessories,4.5
64,"Apple iPhone 16 Plus (Teal, 256 GB)","₹89,999","256 GB ROM17.02 cm (6.7 inch) Super Retina XDR Display48MP + 12MP | 12MP Front CameraA18 Chip, 6 Core Processor Processor1 year warranty for phone and 1 year warranty for in Box Accessories.",4.6
65,"Apple iPhone 14 (Midnight, 256 GB)","₹62,499","256 GB ROM15.49 cm (6.1 inch) Super Retina XDR Display12MP + 12MP | 12MP Front CameraA15 Bionic Chip, 6 Core Processor Processor1 year warranty for phone and 1 year warranty for in Box Accessories.",4.6
66,"SAMSUNG Galaxy S25 5G (Icyblue, 512 GB)","₹92,999",12 GB RAM | 512 GB ROM15.75 cm (6.2 inch) Full HD+ Display50MP + 10MP + 12MP | 12MP Front Camera4000 mAh Battery8 Elite for Galaxy Processor1 Year Manufacturer Warranty for Device and 6 Months for In-Box Accessories,4.6
67,"Apple iPhone 14 (Starlight, 256 GB)","₹62,499","256 GB ROM15.49 cm (6.1 inch) Super Retina XDR Display12MP + 12MP | 12MP Front CameraA15 Bionic Chip, 6 Core Processor Processor1 year warranty for phone and 1 year warranty for in Box Accessories.",4.6
68,"Apple iPhone 15 (Black, 128 GB)","₹63,999","128 GB ROM15.49 cm (6.1 inch) Super Retina XDR Display48MP + 12MP | 12MP Front CameraA16 Bionic Chip, 6 Core Processor Processor1 year warranty for phone and 1 year warranty for in Box Accessories.",4.6
69,"Apple iPhone 16 Pro (White Titanium, 128 GB)","₹1,12,900","128 GB ROM16.0 cm (6.3 inch) Super Retina XDR Display48MP + 48MP + 12MP | 12MP Front CameraA18 Pro Chip, 6 Core Processor Processor1 year warranty for phone and 1 year warranty for in Box Accessories.",4.7
70,"Apple iPhone 16 (Pink, 256 GB)","₹79,999","256 GB ROM15.49 cm (6.1 inch) Super Retina XDR Display48MP + 12MP | 12MP Front CameraA18 Chip, 6 Core Processor Processor1 year warranty for phone and 1 year warranty for in Box Accessories.",4.6
71,"SAMSUNG Galaxy Z Flip6 5G (Silver Shadow, 256 GB)","₹98,150",12 GB RAM | 256 GB ROM17.02 cm (6.7 inch) Full HD+ Display50MP + 12MP | 10MP Front Camera4000 mAh Lithium ion BatterySnapdragon 8 Gen 3 Processor1 Year Manufacturer Warranty for Device and 6 Months for In-Box Accessories,4.5
72,"Apple iPhone 16 (Black, 128 GB)","₹69,999","128 GB ROM15.49 cm (6.1 inch) Super Retina XDR Display48MP + 12MP | 12MP Front CameraA18 Chip, 6 Core Processor Processor1 year warranty for phone and 1 year warranty for in Box Accessories.",4.6
73,"Apple iPhone 16 (Teal, 128 GB)","₹69,999","128 GB ROM15.49 cm (6.1 inch) Super Retina XDR Display48MP + 12MP | 12MP Front CameraA18 Chip, 6 Core Processor Processor1 year warranty for phone and 1 year warranty for in Box Accessories.",4.6
74,"SAMSUNG Galaxy S24 Ultra 5G (Titanium Violet, 256 GB)","₹87,985",12 GB RAM | 256 GB ROM17.27 cm (6.8 inch) Quad HD+ Display200MP + 50MP + 12MP + 10MP | 12MP Front Camera5000 mAh BatterySnapdragon 8 Gen 3 Processor1 Year Manufacturer Warranty for Device and 6 Months for In-Box Accessories,4.6
75,"Apple iPhone 16 (Ultramarine, 128 GB)","₹69,999","128 GB ROM15.49 cm (6.1 inch) Super Retina XDR Display48MP + 12MP | 12MP Front CameraA18 Chip, 6 Core Processor Processor1 year warranty for phone and 1 year warranty for in Box Accessories.",4.6
76,"Apple iPhone 16 Plus (Black, 256 GB)","₹89,999","256 GB ROM17.02 cm (6.7 inch) Super Retina XDR Display48MP + 12MP | 12MP Front CameraA18 Chip, 6 Core Processor Processor1 year warranty for phone and 1 year warranty for in Box Accessories.",4.6
77,"Apple iPhone 16 (White, 128 GB)","₹69,999","128 GB ROM15.49 cm (6.1 inch) Super Retina XDR Display48MP + 12MP | 12MP Front CameraA18 Chip, 6 Core Processor Processor1 year warranty for phone and 1 year warranty for in Box Accessories.",4.6
78,"Apple iPhone 16 (Black, 256 GB)","₹79,999","256 GB ROM15.49 cm (6.1 inch) Super Retina XDR Display48MP + 12MP | 12MP Front CameraA18 Chip, 6 Core Processor Processor1 year warranty for phone and 1 year warranty for in Box Accessories.",4.6
79,"SAMSUNG Galaxy S24 Ultra 5G (Titanium Black, 256 GB)","₹87,980",12 GB RAM | 256 GB ROM17.27 cm (6.8 inch) Quad HD+ Display200MP + 50MP + 12MP + 10MP | 12MP Front Camera5000 mAh BatterySnapdragon 8 Gen 3 Processor1 Year Manufacturer Warranty for Device and 6 Months for In-Box Accessories,4.6
80,"Apple iPhone 15 (Pink, 128 GB)","₹63,999","128 GB ROM15.49 cm (6.1 inch) Super Retina XDR Display48MP + 12MP | 12MP Front CameraA16 Bionic Chip, 6 Core Processor Processor1 year warranty for phone and 1 year warranty for in Box Accessories.",4.6
81,"Apple iPhone 16 (Pink, 128 GB)","₹69,999","128 GB ROM15.49 cm (6.1 inch) Super Retina XDR Display48MP + 12MP | 12MP Front CameraA18 Chip, 6 Core Processor Processor1 year warranty for phone and 1 year warranty for in Box Accessories.",4.6
82,"Apple iPhone 15 (Blue, 128 GB)","₹63,999","128 GB ROM15.49 cm (6.1 inch) Super Retina XDR Display48MP + 12MP | 12MP Front CameraA16 Bionic Chip, 6 Core Processor Processor1 year warranty for phone and 1 year warranty for in Box Accessories.",4.6
83,"SAMSUNG Galaxy Z Fold4 5G (Graygreen, 512 GB)","₹94,999",12 GB RAM | 512 GB ROM19.3 cm (7.6 inch) Full HD+ Display50MP + 12MP + 10MP | 10MP Front Camera4400 mAh Lithium Ion BatteryQualcomm Snapdragon 8+ Gen 1 Processor1 Year Manufacturer Warranty for Device and 6 Months Manufacturer Warranty for In-Box Accessories,3.2
84,"Apple iPhone 15 (Green, 128 GB)","₹63,999","128 GB ROM15.49 cm (6.1 inch) Super Retina XDR Display48MP + 12MP | 12MP Front CameraA16 Bionic Chip, 6 Core Processor Processor1 year warranty for phone and 1 year warranty for in Box Accessories.",4.6
85,"SAMSUNG Galaxy S25 5G (Navy, 512 GB)","₹92,999",12 GB RAM | 512 GB ROM15.75 cm (6.2 inch) Full HD+ Display50MP + 10MP + 12MP | 12MP Front Camera4000 mAh Battery8 Elite for Galaxy Processor1 Year Manufacturer Warranty for Device and 6 Months for In-Box Accessories,4.6
86,"Apple iPhone 14 Plus (Yellow, 512 GB)","₹99,900","512 GB ROM17.02 cm (6.7 inch) Super Retina XDR Display12MP + 12MP | 12MP Front CameraA15 Bionic Chip, 6 Core Processor Processor1 year warranty for phone and 1 year warranty for in Box Accessories.",4.6
87,"SAMSUNG Galaxy Z Flip6 5G (Blue, 256 GB)","₹81,780",12 GB RAM | 256 GB ROM17.02 cm (6.7 inch) Full HD+ Display50MP + 12MP | 10MP Front Camera4000 mAh Lithium ion BatterySnapdragon 8 Gen 3 Processor1 Year Manufacturer Warranty for Device and 6 Months for In-Box Accessories,4.5
88,"Apple iPhone 16 Plus (Teal, 256 GB)","₹89,999","256 GB ROM17.02 cm (6.7 inch) Super Retina XDR Display48MP + 12MP | 12MP Front CameraA18 Chip, 6 Core Processor Processor1 year warranty for phone and 1 year warranty for in Box Accessories.",4.6
89,"Apple iPhone 14 (Midnight, 256 GB)","₹62,499","256 GB ROM15.49 cm (6.1 inch) Super Retina XDR Display12MP + 12MP | 12MP Front CameraA15 Bionic Chip, 6 Core Processor Processor1 year warranty for phone and 1 year warranty for in Box Accessories.",4.6
90,"SAMSUNG Galaxy S25 5G (Icyblue, 512 GB)","₹92,999",12 GB RAM | 512 GB ROM15.75 cm (6.2 inch) Full HD+ Display50MP + 10MP + 12MP | 12MP Front Camera4000 mAh Battery8 Elite for Galaxy Processor1 Year Manufacturer Warranty for Device and 6 Months for In-Box Accessories,4.6
91,"Apple iPhone 14 (Starlight, 256 GB)","₹62,499","256 GB ROM15.49 cm (6.1 inch) Super Retina XDR Display12MP + 12MP | 12MP Front CameraA15 Bionic Chip, 6 Core Processor Processor1 year warranty for phone and 1 year warranty for in Box Accessories.",4.6
92,"Apple iPhone 15 (Black, 128 GB)","₹63,999","128 GB ROM15.49 cm (6.1 inch) Super Retina XDR Display48MP + 12MP | 12MP Front CameraA16 Bionic Chip, 6 Core Processor Processor1 year warranty for phone and 1 year warranty for in Box Accessories.",4.6
93,"Apple iPhone 16 Pro (White Titanium, 128 GB)","₹1,12,900","128 GB ROM16.0 cm (6.3 inch) Super Retina XDR Display48MP + 48MP + 12MP | 12MP Front CameraA18 Pro Chip, 6 Core Processor Processor1 year warranty for phone and 1 year warranty for in Box Accessories.",4.7
94,"Apple iPhone 16 (Pink, 256 GB)","₹79,999","256 GB ROM15.49 cm (6.1 inch) Super Retina XDR Display48MP + 12MP | 12MP Front CameraA18 Chip, 6 Core Processor Processor1 year warranty for phone and 1 year warranty for in Box Accessories.",4.6
95,"SAMSUNG Galaxy Z Flip6 5G (Silver Shadow, 256 GB)","₹98,150",12 GB RAM | 256 GB ROM17.02 cm (6.7 inch) Full HD+ Display50MP + 12MP | 10MP Front Camera4000 mAh Lithium ion BatterySnapdragon 8 Gen 3 Processor1 Year Manufacturer Warranty for Device and 6 Months for In-Box Accessories,4.5
96,"Apple iPhone 16 (Black, 128 GB)","₹69,999","128 GB ROM15.49 cm (6.1 inch) Super Retina XDR Display48MP + 12MP | 12MP Front CameraA18 Chip, 6 Core Processor Processor1 year warranty for phone and 1 year warranty for in Box Accessories.",4.6
97,"Apple iPhone 16 (Teal, 128 GB)","₹69,999","128 GB ROM15.49 cm (6.1 inch) Super Retina XDR Display48MP + 12MP | 12MP Front CameraA18 Chip, 6 Core Processor Processor1 year warranty for phone and 1 year warranty for in Box Accessories.",4.6
98,"SAMSUNG Galaxy S24 Ultra 5G (Titanium Violet, 256 GB)","₹87,985",12 GB RAM | 256 GB ROM17.27 cm (6.8 inch) Quad HD+ Display200MP + 50MP + 12MP + 10MP | 12MP Front Camera5000 mAh BatterySnapdragon 8 Gen 3 Processor1 Year Manufacturer Warranty for Device and 6 Months for In-Box Accessories,4.6
99,"Apple iPhone 16 (Ultramarine, 128 GB)","₹69,999","128 GB ROM15.49 cm (6.1 inch) Super Retina XDR Display48MP + 12MP | 12MP Front CameraA18 Chip, 6 Core Processor Processor1 year warranty for phone and 1 year warranty for in Box Accessories.",4.6
100,"Apple iPhone 16 Plus (Black, 256 GB)","₹89,999","256 GB ROM17.02 cm (6.7 inch) Super Retina XDR Display48MP + 12MP | 12MP Front CameraA18 Chip, 6 Core Processor Processor1 year warranty for phone and 1 year warranty for in Box Accessories.",4.6
101,"Apple iPhone 16 (White, 128 GB)","₹69,999","128 GB ROM15.49 cm (6.1 inch) Super Retina XDR Display48MP + 12MP | 12MP Front CameraA18 Chip, 6 Core Processor Processor1 year warranty for phone and 1 year warranty for in Box Accessories.",4.6
102,"Apple iPhone 16 (Black, 256 GB)","₹79,999","256 GB ROM15.49 cm (6.1 inch) Super Retina XDR Display48MP + 12MP | 12MP Front CameraA18 Chip, 6 Core Processor Processor1 year warranty for phone and 1 year warranty for in Box Accessories.",4.6
103,"SAMSUNG Galaxy S24 Ultra 5G (Titanium Black, 256 GB)","₹87,980",12 GB RAM | 256 GB ROM17.27 cm (6.8 inch) Quad HD+ Display200MP + 50MP + 12MP + 10MP | 12MP Front Camera5000 mAh BatterySnapdragon 8 Gen 3 Processor1 Year Manufacturer Warranty for Device and 6 Months for In-Box Accessories,4.6
104,"Apple iPhone 15 (Pink, 128 GB)","₹63,999","128 GB ROM15.49 cm (6.1 inch) Super Retina XDR Display48MP + 12MP | 12MP Front CameraA16 Bionic Chip, 6 Core Processor Processor1 year warranty for phone and 1 year warranty for in Box Accessories.",4.6
105,"Apple iPhone 16 (Pink, 128 GB)","₹69,999","128 GB ROM15.49 cm (6.1 inch) Super Retina XDR Display48MP + 12MP | 12MP Front CameraA18 Chip, 6 Core Processor Processor1 year warranty for phone and 1 year warranty for in Box Accessories.",4.6
106,"Apple iPhone 15 (Blue, 128 GB)","₹63,999","128 GB ROM15.49 cm (6.1 inch) Super Retina XDR Display48MP + 12MP | 12MP Front CameraA16 Bionic Chip, 6 Core Processor Processor1 year warranty for phone and 1 year warranty for in Box Accessories.",4.6
107,"SAMSUNG Galaxy Z Fold4 5G (Graygreen, 512 GB)","₹94,999",12 GB RAM | 512 GB ROM19.3 cm (7.6 inch) Full HD+ Display50MP + 12MP + 10MP | 10MP Front Camera4400 mAh Lithium Ion BatteryQualcomm Snapdragon 8+ Gen 1 Processor1 Year Manufacturer Warranty for Device and 6 Months Manufacturer Warranty for In-Box Accessories,3.2
108,"Apple iPhone 15 (Green, 128 GB)","₹63,999","128 GB ROM15.49 cm (6.1 inch) Super Retina XDR Display48MP + 12MP | 12MP Front CameraA16 Bionic Chip, 6 Core Processor Processor1 year warranty for phone and 1 year warranty for in Box Accessories.",4.6
109,"SAMSUNG Galaxy S25 5G (Navy, 512 GB)","₹92,999",12 GB RAM | 512 GB ROM15.75 cm (6.2 inch) Full HD+ Display50MP + 10MP + 12MP | 12MP Front Camera4000 mAh Battery8 Elite for Galaxy Processor1 Year Manufacturer Warranty for Device and 6 Months for In-Box Accessories,4.6
110,"Apple iPhone 14 Plus (Yellow, 512 GB)","₹99,900","512 GB ROM17.02 cm (6.7 inch) Super Retina XDR Display12MP + 12MP | 12MP Front CameraA15 Bionic Chip, 6 Core Processor Processor1 year warranty for phone and 1 year warranty for in Box Accessories.",4.6
111,"SAMSUNG Galaxy Z Flip6 5G (Blue, 256 GB)","₹81,780",12 GB RAM | 256 GB ROM17.02 cm (6.7 inch) Full HD+ Display50MP + 12MP | 10MP Front Camera4000 mAh Lithium ion BatterySnapdragon 8 Gen 3 Processor1 Year Manufacturer Warranty for Device and 6 Months for In-Box Accessories,4.5
112,"Apple iPhone 16 Plus (Teal, 256 GB)","₹89,999","256 GB ROM17.02 cm (6.7 inch) Super Retina XDR Display48MP + 12MP | 12MP Front CameraA18 Chip, 6 Core Processor Processor1 year warranty for phone and 1 year warranty for in Box Accessories.",4.6
113,"Apple iPhone 14 (Midnight, 256 GB)","₹62,499","256 GB ROM15.49 cm (6.1 inch) Super Retina XDR Display12MP + 12MP | 12MP Front CameraA15 Bionic Chip, 6 Core Processor Processor1 year warranty for phone and 1 year warranty for in Box Accessories.",4.6
114,"SAMSUNG Galaxy S25 5G (Icyblue, 512 GB)","₹92,999",12 GB RAM | 512 GB ROM15.75 cm (6.2 inch) Full HD+ Display50MP + 10MP + 12MP | 12MP Front Camera4000 mAh Battery8 Elite for Galaxy Processor1 Year Manufacturer Warranty for Device and 6 Months for In-Box Accessories,4.6
115,"Apple iPhone 14 (Starlight, 256 GB)","₹62,499","256 GB ROM15.49 cm (6.1 inch) Super Retina XDR Display12MP + 12MP | 12MP Front CameraA15 Bionic Chip, 6 Core Processor Processor1 year warranty for phone and 1 year warranty for in Box Accessories.",4.6
116,"Apple iPhone 15 (Black, 128 GB)","₹63,999","128 GB ROM15.49 cm (6.1 inch) Super Retina XDR Display48MP + 12MP | 12MP Front CameraA16 Bionic Chip, 6 Core Processor Processor1 year warranty for phone and 1 year warranty for in Box Accessories.",4.6
117,"Apple iPhone 16 Pro (White Titanium, 128 GB)","₹1,12,900","128 GB ROM16.0 cm (6.3 inch) Super Retina XDR Display48MP + 48MP + 12MP | 12MP Front CameraA18 Pro Chip, 6 Core Processor Processor1 year warranty for phone and 1 year warranty for in Box Accessories.",4.7
118,"Apple iPhone 16 (Pink, 256 GB)","₹79,999","256 GB ROM15.49 cm (6.1 inch) Super Retina XDR Display48MP + 12MP | 12MP Front CameraA18 Chip, 6 Core Processor Processor1 year warranty for phone and 1 year warranty for in Box Accessories.",4.6
119,"SAMSUNG Galaxy Z Flip6 5G (Silver Shadow, 256 GB)","₹98,150",12 GB RAM | 256 GB ROM17.02 cm (6.7 inch) Full HD+ Display50MP + 12MP | 10MP Front Camera4000 mAh Lithium ion BatterySnapdragon 8 Gen 3 Processor1 Year Manufacturer Warranty for Device and 6 Months for In-Box Accessories,4.5
120,"Apple iPhone 16 (Black, 128 GB)","₹69,999","128 GB ROM15.49 cm (6.1 inch) Super Retina XDR Display48MP + 12MP | 12MP Front CameraA18 Chip, 6 Core Processor Processor1 year warranty for phone and 1 year warranty for in Box Accessories.",4.6
121,"Apple iPhone 16 (Teal, 128 GB)","₹69,999","128 GB ROM15.49 cm (6.1 inch) Super Retina XDR Display48MP + 12MP | 12MP Front CameraA18 Chip, 6 Core Processor Processor1 year warranty for phone and 1 year warranty for in Box Accessories.",4.6
122,"SAMSUNG Galaxy S24 Ultra 5G (Titanium Violet, 256 GB)","₹87,985",12 GB RAM | 256 GB ROM17.27 cm (6.8 inch) Quad HD+ Display200MP + 50MP + 12MP + 10MP | 12MP Front Camera5000 mAh BatterySnapdragon 8 Gen 3 Processor1 Year Manufacturer Warranty for Device and 6 Months for In-Box Accessories,4.6
123,"Apple iPhone 16 (Ultramarine, 128 GB)","₹69,999","128 GB ROM15.49 cm (6.1 inch) Super Retina XDR Display48MP + 12MP | 12MP Front CameraA18 Chip, 6 Core Processor Processor1 year warranty for phone and 1 year warranty for in Box Accessories.",4.6
124,"Apple iPhone 16 (White, 128 GB)","₹69,999","128 GB ROM15.49 cm (6.1 inch) Super Retina XDR Display48MP + 12MP | 12MP Front CameraA18 Chip, 6 Core Processor Processor1 year warranty for phone and 1 year warranty for in Box Accessories.",4.6
125,"Apple iPhone 16 Plus (Black, 256 GB)","₹89,999","256 GB ROM17.02 cm (6.7 inch) Super Retina XDR Display48MP + 12MP | 12MP Front CameraA18 Chip, 6 Core Processor Processor1 year warranty for phone and 1 year warranty for in Box Accessories.",4.6
126,"SAMSUNG Galaxy S24 Ultra 5G (Titanium Black, 256 GB)","₹87,980",12 GB RAM | 256 GB ROM17.27 cm (6.8 inch) Quad HD+ Display200MP + 50MP + 12MP + 10MP | 12MP Front Camera5000 mAh BatterySnapdragon 8 Gen 3 Processor1 Year Manufacturer Warranty for Device and 6 Months for In-Box Accessories,4.6
127,"Apple iPhone 16 (Black, 256 GB)","₹79,999","256 GB ROM15.49 cm (6.1 inch) Super Retina XDR Display48MP + 12MP | 12MP Front CameraA18 Chip, 6 Core Processor Processor1 year warranty for phone and 1 year warranty for in Box Accessories.",4.6
128,"Apple iPhone 16 (Pink, 128 GB)","₹69,999","128 GB ROM15.49 cm (6.1 inch) Super Retina XDR Display48MP + 12MP | 12MP Front CameraA18 Chip, 6 Core Processor Processor1 year warranty for phone and 1 year warranty for in Box Accessories.",4.6
129,"Apple iPhone 15 (Pink, 128 GB)","₹63,999","128 GB ROM15.49 cm (6.1 inch) Super Retina XDR Display48MP + 12MP | 12MP Front CameraA16 Bionic Chip, 6 Core Processor Processor1 year warranty for phone and 1 year warranty for in Box Accessories.",4.6
130,"SAMSUNG Galaxy Z Fold4 5G (Graygreen, 512 GB)","₹94,999",12 GB RAM | 512 GB ROM19.3 cm (7.6 inch) Full HD+ Display50MP + 12MP + 10MP | 10MP Front Camera4400 mAh Lithium Ion BatteryQualcomm Snapdragon 8+ Gen 1 Processor1 Year Manufacturer Warranty for Device and 6 Months Manufacturer Warranty for In-Box Accessories,3.2
131,"Apple iPhone 15 (Green, 128 GB)","₹63,999","128 GB ROM15.49 cm (6.1 inch) Super Retina XDR Display48MP + 12MP | 12MP Front CameraA16 Bionic Chip, 6 Core Processor Processor1 year warranty for phone and 1 year warranty for in Box Accessories.",4.6
132,"SAMSUNG Galaxy S25 5G (Navy, 512 GB)","₹92,999",12 GB RAM | 512 GB ROM15.75 cm (6.2 inch) Full HD+ Display50MP + 10MP + 12MP | 12MP Front Camera4000 mAh Battery8 Elite for Galaxy Processor1 Year Manufacturer Warranty for Device and 6 Months for In-Box Accessories,4.6
133,"Apple iPhone 14 Plus (Yellow, 512 GB)","₹99,900","512 GB ROM17.02 cm (6.7 inch) Super Retina XDR Display12MP + 12MP | 12MP Front CameraA15 Bionic Chip, 6 Core Processor Processor1 year warranty for phone and 1 year warranty for in Box Accessories.",4.6
134,"SAMSUNG Galaxy Z Flip6 5G (Blue, 256 GB)","₹81,780",12 GB RAM | 256 GB ROM17.02 cm (6.7 inch) Full HD+ Display50MP + 12MP | 10MP Front Camera4000 mAh Lithium ion BatterySnapdragon 8 Gen 3 Processor1 Year Manufacturer Warranty for Device and 6 Months for In-Box Accessories,4.5
135,"Apple iPhone 16 Plus (Teal, 256 GB)","₹89,999","256 GB ROM17.02 cm (6.7 inch) Super Retina XDR Display48MP + 12MP | 12MP Front CameraA18 Chip, 6 Core Processor Processor1 year warranty for phone and 1 year warranty for in Box Accessories.",4.6
136,"Apple iPhone 14 (Midnight, 256 GB)","₹62,499","256 GB ROM15.49 cm (6.1 inch) Super Retina XDR Display12MP + 12MP | 12MP Front CameraA15 Bionic Chip, 6 Core Processor Processor1 year warranty for phone and 1 year warranty for in Box Accessories.",4.6
137,"SAMSUNG Galaxy S25 5G (Icyblue, 512 GB)","₹92,999",12 GB RAM | 512 GB ROM15.75 cm (6.2 inch) Full HD+ Display50MP + 10MP + 12MP | 12MP Front Camera4000 mAh Battery8 Elite for Galaxy Processor1 Year Manufacturer Warranty for Device and 6 Months for In-Box Accessories,4.6
138,"Apple iPhone 14 (Starlight, 256 GB)","₹62,499","256 GB ROM15.49 cm (6.1 inch) Super Retina XDR Display12MP + 12MP | 12MP Front CameraA15 Bionic Chip, 6 Core Processor Processor1 year warranty for phone and 1 year warranty for in Box Accessories.",4.6
139,"Apple iPhone 16 (Pink, 256 GB)","₹79,999","256 GB ROM15.49 cm (6.1 inch) Super Retina XDR Display48MP + 12MP | 12MP Front CameraA18 Chip, 6 Core Processor Processor1 year warranty for phone and 1 year warranty for in Box Accessories.",4.6
140,"Apple iPhone 15 (Black, 128 GB)","₹63,999","128 GB ROM15.49 cm (6.1 inch) Super Retina XDR Display48MP + 12MP | 12MP Front CameraA16 Bionic Chip, 6 Core Processor Processor1 year warranty for phone and 1 year warranty for in Box Accessories.",4.6
141,"Apple iPhone 16 Pro (White Titanium, 128 GB)","₹1,12,900","128 GB ROM16.0 cm (6.3 inch) Super Retina XDR Display48MP + 48MP + 12MP | 12MP Front CameraA18 Pro Chip, 6 Core Processor Processor1 year warranty for phone and 1 year warranty for in Box Accessories.",4.7
142,"SAMSUNG Galaxy Z Flip6 5G (Silver Shadow, 256 GB)","₹98,150",12 GB RAM | 256 GB ROM17.02 cm (6.7 inch) Full HD+ Display50MP + 12MP | 10MP Front Camera4000 mAh Lithium ion BatterySnapdragon 8 Gen 3 Processor1 Year Manufacturer Warranty for Device and 6 Months for In-Box Accessories,4.5
143,"SAMSUNG Galaxy Z Fold5 (Cream, 512 GB)","₹1,29,990",12 GB RAM | 512 GB ROM15.75 cm (6.2 inch) Display50MP + 12MP + 10MP4400 mAh BatterySnapdragon 8 Gen 2 Processor1 Year Manufacturer Warranty for Device and 6 Months Manufacturer Warranty for In-Box Accessories,4.6
144,"Apple iPhone 16 (Black, 128 GB)","₹69,999","128 GB ROM15.49 cm (6.1 inch) Super Retina XDR Display48MP + 12MP | 12MP Front CameraA18 Chip, 6 Core Processor Processor1 year warranty for phone and 1 year warranty for in Box Accessories.",4.6
145,"Apple iPhone 16 (Teal, 128 GB)","₹69,999","128 GB ROM15.49 cm (6.1 inch) Super Retina XDR Display48MP + 12MP | 12MP Front CameraA18 Chip, 6 Core Processor Processor1 year warranty for phone and 1 year warranty for in Box Accessories.",4.6
146,"SAMSUNG Galaxy S24 Ultra 5G (Titanium Violet, 256 GB)","₹87,985",12 GB RAM | 256 GB ROM17.27 cm (6.8 inch) Quad HD+ Display200MP + 50MP + 12MP + 10MP | 12MP Front Camera5000 mAh BatterySnapdragon 8 Gen 3 Processor1 Year Manufacturer Warranty for Device and 6 Months for In-Box Accessories,4.6
147,"Apple iPhone 16 (Ultramarine, 128 GB)","₹69,999","128 GB ROM15.49 cm (6.1 inch) Super Retina XDR Display48MP + 12MP | 12MP Front CameraA18 Chip, 6 Core Processor Processor1 year warranty for phone and 1 year warranty for in Box Accessories.",4.6
148,"Apple iPhone 16 Plus (Black, 256 GB)","₹89,999","256 GB ROM17.02 cm (6.7 inch) Super Retina XDR Display48MP + 12MP | 12MP Front CameraA18 Chip, 6 Core Processor Processor1 year warranty for phone and 1 year warranty for in Box Accessories.",4.6
149,"Apple iPhone 16 (White, 128 GB)","₹69,999","128 GB ROM15.49 cm (6.1 inch) Super Retina XDR Display48MP + 12MP | 12MP Front CameraA18 Chip, 6 Core Processor Processor1 year warranty for phone and 1 year warranty for in Box Accessories.",4.6
150,"Apple iPhone 16 (Black, 256 GB)","₹79,999","256 GB ROM15.49 cm (6.1 inch) Super Retina XDR Display48MP + 12MP | 12MP Front CameraA18 Chip, 6 Core Processor Processor1 year warranty for phone and 1 year warranty for in Box Accessories.",4.6
151,"SAMSUNG Galaxy S24 Ultra 5G (Titanium Black, 256 GB)","₹87,980",12 GB RAM | 256 GB ROM17.27 cm (6.8 inch) Quad HD+ Display200MP + 50MP + 12MP + 10MP | 12MP Front Camera5000 mAh BatterySnapdragon 8 Gen 3 Processor1 Year Manufacturer Warranty for Device and 6 Months for In-Box Accessories,4.6
152,"Apple iPhone 15 (Pink, 128 GB)","₹63,999","128 GB ROM15.49 cm (6.1 inch) Super Retina XDR Display48MP + 12MP | 12MP Front CameraA16 Bionic Chip, 6 Core Processor Processor1 year warranty for phone and 1 year warranty for in Box Accessories.",4.6
153,"Apple iPhone 16 (Pink, 128 GB)","₹69,999","128 GB ROM15.49 cm (6.1 inch) Super Retina XDR Display48MP + 12MP | 12MP Front CameraA18 Chip, 6 Core Processor Processor1 year warranty for phone and 1 year warranty for in Box Accessories.",4.6
154,"Apple iPhone 15 (Blue, 128 GB)","₹63,999","128 GB ROM15.49 cm (6.1 inch) Super Retina XDR Display48MP + 12MP | 12MP Front CameraA16 Bionic Chip, 6 Core Processor Processor1 year warranty for phone and 1 year warranty for in Box Accessories.",4.6
155,"SAMSUNG Galaxy Z Fold4 5G (Graygreen, 512 GB)","₹94,999",12 GB RAM | 512 GB ROM19.3 cm (7.6 inch) Full HD+ Display50MP + 12MP + 10MP | 10MP Front Camera4400 mAh Lithium Ion BatteryQualcomm Snapdragon 8+ Gen 1 Processor1 Year Manufacturer Warranty for Device and 6 Months Manufacturer Warranty for In-Box Accessories,3.2
156,"Apple iPhone 15 (Green, 128 GB)","₹63,999","128 GB ROM15.49 cm (6.1 inch) Super Retina XDR Display48MP + 12MP | 12MP Front CameraA16 Bionic Chip, 6 Core Processor Processor1 year warranty for phone and 1 year warranty for in Box Accessories.",4.6
157,"SAMSUNG Galaxy S25 5G (Navy, 512 GB)","₹92,999",12 GB RAM | 512 GB ROM15.75 cm (6.2 inch) Full HD+ Display50MP + 10MP + 12MP | 12MP Front Camera4000 mAh Battery8 Elite for Galaxy Processor1 Year Manufacturer Warranty for Device and 6 Months for In-Box Accessories,4.6
158,"Apple iPhone 14 Plus (Yellow, 512 GB)","₹99,900","512 GB ROM17.02 cm (6.7 inch) Super Retina XDR Display12MP + 12MP | 12MP Front CameraA15 Bionic Chip, 6 Core Processor Processor1 year warranty for phone and 1 year warranty for in Box Accessories.",4.6
159,"SAMSUNG Galaxy Z Flip6 5G (Blue, 256 GB)","₹81,780",12 GB RAM | 256 GB ROM17.02 cm (6.7 inch) Full HD+ Display50MP + 12MP | 10MP Front Camera4000 mAh Lithium ion BatterySnapdragon 8 Gen 3 Processor1 Year Manufacturer Warranty for Device and 6 Months for In-Box Accessories,4.5
160,"Apple iPhone 16 Plus (Teal, 256 GB)","₹89,999","256 GB ROM17.02 cm (6.7 inch) Super Retina XDR Display48MP + 12MP | 12MP Front CameraA18 Chip, 6 Core Processor Processor1 year warranty for phone and 1 year warranty for in Box Accessories.",4.6
161,"Apple iPhone 14 (Midnight, 256 GB)","₹62,499","256 GB ROM15.49 cm (6.1 inch) Super Retina XDR Display12MP + 12MP | 12MP Front CameraA15 Bionic Chip, 6 Core Processor Processor1 year warranty for phone and 1 year warranty for in Box Accessories.",4.6
162,"SAMSUNG Galaxy S25 5G (Icyblue, 512 GB)","₹92,999",12 GB RAM | 512 GB ROM15.75 cm (6.2 inch) Full HD+ Display50MP + 10MP + 12MP | 12MP Front Camera4000 mAh Battery8 Elite for Galaxy Processor1 Year Manufacturer Warranty for Device and 6 Months for In-Box Accessories,4.6
163,"Apple iPhone 14 (Starlight, 256 GB)","₹62,499","256 GB ROM15.49 cm (6.1 inch) Super Retina XDR Display12MP + 12MP | 12MP Front CameraA15 Bionic Chip, 6 Core Processor Processor1 year warranty for phone and 1 year warranty for in Box Accessories.",4.6
164,"Apple iPhone 15 (Black, 128 GB)","₹63,999","128 GB ROM15.49 cm (6.1 inch) Super Retina XDR Display48MP + 12MP | 12MP Front CameraA16 Bionic Chip, 6 Core Processor Processor1 year warranty for phone and 1 year warranty for in Box Accessories.",4.6
165,"Apple iPhone 16 Pro (White Titanium, 128 GB)","₹1,12,900","128 GB ROM16.0 cm (6.3 inch) Super Retina XDR Display48MP + 48MP + 12MP | 12MP Front CameraA18 Pro Chip, 6 Core Processor Processor1 year warranty for phone and 1 year warranty for in Box Accessories.",4.7
166,"Apple iPhone 16 (Pink, 256 GB)","₹79,999","256 GB ROM15.49 cm (6.1 inch) Super Retina XDR Display48MP + 12MP | 12MP Front CameraA18 Chip, 6 Core Processor Processor1 year warranty for phone and 1 year warranty for in Box Accessories.",4.6
167,"SAMSUNG Galaxy Z Flip6 5G (Silver Shadow, 256 GB)","₹98,150",12 GB RAM | 256 GB ROM17.02 cm (6.7 inch) Full HD+ Display50MP + 12MP | 10MP Front Camera4000 mAh Lithium ion BatterySnapdragon 8 Gen 3 Processor1 Year Manufacturer Warranty for Device and 6 Months for In-Box Accessories,4.5
168,"Apple iPhone 16 (Black, 128 GB)","₹69,999","128 GB ROM15.49 cm (6.1 inch) Super Retina XDR Display48MP + 12MP | 12MP Front CameraA18 Chip, 6 Core Processor Processor1 year warranty for phone and 1 year warranty for in Box Accessories.",4.6
169,"Apple iPhone 16 (Teal, 128 GB)","₹69,999","128 GB ROM15.49 cm (6.1 inch) Super Retina XDR Display48MP + 12MP | 12MP Front CameraA18 Chip, 6 Core Processor Processor1 year warranty for phone and 1 year warranty for in Box Accessories.",4.6
170,"SAMSUNG Galaxy S24 Ultra 5G (Titanium Violet, 256 GB)","₹87,985",12 GB RAM | 256 GB ROM17.27 cm (6.8 inch) Quad HD+ Display200MP + 50MP + 12MP + 10MP | 12MP Front Camera5000 mAh BatterySnapdragon 8 Gen 3 Processor1 Year Manufacturer Warranty for Device and 6 Months for In-Box Accessories,4.6
171,"Apple iPhone 16 (Ultramarine, 128 GB)","₹69,999","128 GB ROM15.49 cm (6.1 inch) Super Retina XDR Display48MP + 12MP | 12MP Front CameraA18 Chip, 6 Core Processor Processor1 year warranty for phone and 1 year warranty for in Box Accessories.",4.6
172,"Apple iPhone 16 Plus (Black, 256 GB)","₹89,999","256 GB ROM17.02 cm (6.7 inch) Super Retina XDR Display48MP + 12MP | 12MP Front CameraA18 Chip, 6 Core Processor Processor1 year warranty for phone and 1 year warranty for in Box Accessories.",4.6
173,"Apple iPhone 16 (White, 128 GB)","₹69,999","128 GB ROM15.49 cm (6.1 inch) Super Retina XDR Display48MP + 12MP | 12MP Front CameraA18 Chip, 6 Core Processor Processor1 year warranty for phone and 1 year warranty for in Box Accessories.",4.6
174,"Apple iPhone 16 (Black, 256 GB)","₹79,999","256 GB ROM15.49 cm (6.1 inch) Super Retina XDR Display48MP + 12MP | 12MP Front CameraA18 Chip, 6 Core Processor Processor1 year warranty for phone and 1 year warranty for in Box Accessories.",4.6
175,"SAMSUNG Galaxy S24 Ultra 5G (Titanium Black, 256 GB)","₹87,980",12 GB RAM | 256 GB ROM17.27 cm (6.8 inch) Quad HD+ Display200MP + 50MP + 12MP + 10MP | 12MP Front Camera5000 mAh BatterySnapdragon 8 Gen 3 Processor1 Year Manufacturer Warranty for Device and 6 Months for In-Box Accessories,4.6
176,"Apple iPhone 15 (Pink, 128 GB)","₹63,999","128 GB ROM15.49 cm (6.1 inch) Super Retina XDR Display48MP + 12MP | 12MP Front CameraA16 Bionic Chip, 6 Core Processor Processor1 year warranty for phone and 1 year warranty for in Box Accessories.",4.6
177,"Apple iPhone 16 (Pink, 128 GB)","₹69,999","128 GB ROM15.49 cm (6.1 inch) Super Retina XDR Display48MP + 12MP | 12MP Front CameraA18 Chip, 6 Core Processor Processor1 year warranty for phone and 1 year warranty for in Box Accessories.",4.6
178,"Apple iPhone 15 (Blue, 128 GB)","₹63,999","128 GB ROM15.49 cm (6.1 inch) Super Retina XDR Display48MP + 12MP | 12MP Front CameraA16 Bionic Chip, 6 Core Processor Processor1 year warranty for phone and 1 year warranty for in Box Accessories.",4.6
179,"SAMSUNG Galaxy Z Fold4 5G (Graygreen, 512 GB)","₹94,999",12 GB RAM | 512 GB ROM19.3 cm (7.6 inch) Full HD+ Display50MP + 12MP + 10MP | 10MP Front Camera4400 mAh Lithium Ion BatteryQualcomm Snapdragon 8+ Gen 1 Processor1 Year Manufacturer Warranty for Device and 6 Months Manufacturer Warranty for In-Box Accessories,3.2
180,"Apple iPhone 15 (Green, 128 GB)","₹63,999","128 GB ROM15.49 cm (6.1 inch) Super Retina XDR Display48MP + 12MP | 12MP Front CameraA16 Bionic Chip, 6 Core Processor Processor1 year warranty for phone and 1 year warranty for in Box Accessories.",4.6
181,"SAMSUNG Galaxy S25 5G (Navy, 512 GB)","₹92,999",12 GB RAM | 512 GB ROM15.75 cm (6.2 inch) Full HD+ Display50MP + 10MP + 12MP | 12MP Front Camera4000 mAh Battery8 Elite for Galaxy Processor1 Year Manufacturer Warranty for Device and 6 Months for In-Box Accessories,4.6
182,"Apple iPhone 14 Plus (Yellow, 512 GB)","₹99,900","512 GB ROM17.02 cm (6.7 inch) Super Retina XDR Display12MP + 12MP | 12MP Front CameraA15 Bionic Chip, 6 Core Processor Processor1 year warranty for phone and 1 year warranty for in Box Accessories.",4.6
183,"SAMSUNG Galaxy Z Flip6 5G (Blue, 256 GB)","₹81,780",12 GB RAM | 256 GB ROM17.02 cm (6.7 inch) Full HD+ Display50MP + 12MP | 10MP Front Camera4000 mAh Lithium ion BatterySnapdragon 8 Gen 3 Processor1 Year Manufacturer Warranty for Device and 6 Months for In-Box Accessories,4.5
184,"Apple iPhone 16 Plus (Teal, 256 GB)","₹89,999","256 GB ROM17.02 cm (6.7 inch) Super Retina XDR Display48MP + 12MP | 12MP Front CameraA18 Chip, 6 Core Processor Processor1 year warranty for phone and 1 year warranty for in Box Accessories.",4.6
185,"Apple iPhone 14 (Midnight, 256 GB)","₹62,499","256 GB ROM15.49 cm (6.1 inch) Super Retina XDR Display12MP + 12MP | 12MP Front CameraA15 Bionic Chip, 6 Core Processor Processor1 year warranty for phone and 1 year warranty for in Box Accessories.",4.6
186,"SAMSUNG Galaxy S25 5G (Icyblue, 512 GB)","₹92,999",12 GB RAM | 512 GB ROM15.75 cm (6.2 inch) Full HD+ Display50MP + 10MP + 12MP | 12MP Front Camera4000 mAh Battery8 Elite for Galaxy Processor1 Year Manufacturer Warranty for Device and 6 Months for In-Box Accessories,4.6
187,"Apple iPhone 14 (Starlight, 256 GB)","₹62,499","256 GB ROM15.49 cm (6.1 inch) Super Retina XDR Display12MP + 12MP | 12MP Front CameraA15 Bionic Chip, 6 Core Processor Processor1 year warranty for phone and 1 year warranty for in Box Accessories.",4.6
188,"Apple iPhone 15 (Black, 128 GB)","₹63,999","128 GB ROM15.49 cm (6.1 inch) Super Retina XDR Display48MP + 12MP | 12MP Front CameraA16 Bionic Chip, 6 Core Processor Processor1 year warranty for phone and 1 year warranty for in Box Accessories.",4.6
189,"Apple iPhone 16 Pro (White Titanium, 128 GB)","₹1,12,900","128 GB ROM16.0 cm (6.3 inch) Super Retina XDR Display48MP + 48MP + 12MP | 12MP Front CameraA18 Pro Chip, 6 Core Processor Processor1 year warranty for phone and 1 year warranty for in Box Accessories.",4.7
190,"Apple iPhone 16 (Pink, 256 GB)","₹79,999","256 GB ROM15.49 cm (6.1 inch) Super Retina XDR Display48MP + 12MP | 12MP Front CameraA18 Chip, 6 Core Processor Processor1 year warranty for phone and 1 year warranty for in Box Accessories.",4.6
191,"SAMSUNG Galaxy Z Flip6 5G (Silver Shadow, 256 GB)","₹98,150",12 GB RAM | 256 GB ROM17.02 cm (6.7 inch) Full HD+ Display50MP + 12MP | 10MP Front Camera4000 mAh Lithium ion BatterySnapdragon 8 Gen 3 Processor1 Year Manufacturer Warranty for Device and 6 Months for In-Box Accessories,4.5
